arrondissement,couche,classe,nom,superficie_ha,pourcentage
Abomey-Calavi,susceptibilite_2025,1,Très faible,3440.6,76.73
Abomey-Calavi,susceptibilite_2025,2,Faible,411.8,9.18
Abomey-Calavi,susceptibilite_2025,3,Modérée,162.8,3.63
Abomey-Calavi,susceptibilite_2025,4,Forte,116.8,2.61
Abomey-Calavi,susceptibilite_2025,5,Très forte,351.8,7.85
Abomey-Calavi,susceptibilite_2040,1,Très faible,3458.0,77.12
Abomey-Calavi,susceptibilite_2040,2,Faible,395.5,8.82
Abomey-Calavi,susceptibilite_2040,3,Modérée,162.4,3.62
Abomey-Calavi,susceptibilite_2040,4,Forte,116.6,2.6
Abomey-Calavi,susceptibilite_2040,5,Très forte,351.3,7.84
Abomey-Calavi,occupation_2025,1,Bâti,3094.4,69.01
Abomey-Calavi,occupation_2025,2,Sols nus,295.9,6.6
Abomey-Calavi,occupation_2025,3,Végétation,513.1,11.44
Abomey-Calavi,occupation_2025,4,Zones humides,175.3,3.91
Abomey-Calavi,occupation_2025,5,Eau libre,405.1,9.03
Abomey-Calavi,occupation_2040,1,Bâti,3897.5,86.92
Abomey-Calavi,occupation_2040,2,Sols nus,24.8,0.55
Abomey-Calavi,occupation_2040,3,Végétation,18.1,0.4
Abomey-Calavi,occupation_2040,4,Zones humides,134.9,3.01
Abomey-Calavi,occupation_2040,5,Eau libre,408.5,9.11
Abomey-Calavi,exposition_2025,0,Bâti en zones forte/très forte,39.2,8.36
Abomey-Calavi,exposition_2040,0,Bâti en zones forte/très forte,65.8,14.04
Akassato,susceptibilite_2025,1,Très faible,4366.9,47.33
Akassato,susceptibilite_2025,2,Faible,1157.5,12.54
Akassato,susceptibilite_2025,3,Modérée,1475.2,15.99
Akassato,susceptibilite_2025,4,Forte,1021.2,11.07
Akassato,susceptibilite_2025,5,Très forte,1206.5,13.08
Akassato,susceptibilite_2040,1,Très faible,4380.9,47.48
Akassato,susceptibilite_2040,2,Faible,1146.5,12.43
Akassato,susceptibilite_2040,3,Modérée,1473.5,15.97
Akassato,susceptibilite_2040,4,Forte,1020.5,11.06
Akassato,susceptibilite_2040,5,Très forte,1205.9,13.07
Akassato,occupation_2025,1,Bâti,3032.2,32.86
Akassato,occupation_2025,2,Sols nus,330.7,3.58
Akassato,occupation_2025,3,Végétation,2587.8,28.05
Akassato,occupation_2025,4,Zones humides,3066.3,33.23
Akassato,occupation_2025,5,Eau libre,210.2,2.28
Akassato,occupation_2040,1,Bâti,4379.7,47.46
Akassato,occupation_2040,2,Sols nus,55.6,0.6
Akassato,occupation_2040,3,Végétation,1601.8,17.36
Akassato,occupation_2040,4,Zones humides,2995.2,32.46
Akassato,occupation_2040,5,Eau libre,195.1,2.11
Akassato,exposition_2025,0,Bâti en zones forte/très forte,55.1,2.47
Akassato,exposition_2040,0,Bâti en zones forte/très forte,115.7,5.19
Glo-Djigbé,susceptibilite_2025,1,Très faible,6236.7,98.41
Glo-Djigbé,susceptibilite_2025,2,Faible,96.3,1.52
Glo-Djigbé,susceptibilite_2025,3,Modérée,4.3,0.07
Glo-Djigbé,susceptibilite_2025,4,Forte,0.0,0.0
Glo-Djigbé,susceptibilite_2025,5,Très forte,0.0,0.0
Glo-Djigbé,susceptibilite_2040,1,Très faible,6255.3,98.7
Glo-Djigbé,susceptibilite_2040,2,Faible,78.2,1.23
Glo-Djigbé,susceptibilite_2040,3,Modérée,3.9,0.06
Glo-Djigbé,susceptibilite_2040,4,Forte,0.0,0.0
Glo-Djigbé,susceptibilite_2040,5,Très forte,0.0,0.0
Glo-Djigbé,occupation_2025,1,Bâti,1787.0,28.2
Glo-Djigbé,occupation_2025,2,Sols nus,146.4,2.31
Glo-Djigbé,occupation_2025,3,Végétation,4232.1,66.78
Glo-Djigbé,occupation_2025,4,Zones humides,131.6,2.08
Glo-Djigbé,occupation_2025,5,Eau libre,40.2,0.63
Glo-Djigbé,occupation_2040,1,Bâti,3376.7,53.28
Glo-Djigbé,occupation_2040,2,Sols nus,49.5,0.78
Glo-Djigbé,occupation_2040,3,Végétation,2879.8,45.44
Glo-Djigbé,occupation_2040,4,Zones humides,2.1,0.03
Glo-Djigbé,occupation_2040,5,Eau libre,29.2,0.46
Glo-Djigbé,exposition_2025,0,Bâti en zones forte/très forte,0.0,0.0
Glo-Djigbé,exposition_2040,0,Bâti en zones forte/très forte,0.0,0.0
Godomey,susceptibilite_2025,1,Très faible,1707.9,26.79
Godomey,susceptibilite_2025,2,Faible,1432.5,22.47
Godomey,susceptibilite_2025,3,Modérée,1199.9,18.82
Godomey,susceptibilite_2025,4,Forte,987.8,15.49
Godomey,susceptibilite_2025,5,Très forte,1047.7,16.43
Godomey,susceptibilite_2040,1,Très faible,1740.1,27.29
Godomey,susceptibilite_2040,2,Faible,1416.0,22.21
Godomey,susceptibilite_2040,3,Modérée,1202.4,18.86
Godomey,susceptibilite_2040,4,Forte,978.1,15.34
Godomey,susceptibilite_2040,5,Très forte,1039.2,16.3
Godomey,occupation_2025,1,Bâti,3620.9,56.79
Godomey,occupation_2025,2,Sols nus,284.3,4.46
Godomey,occupation_2025,3,Végétation,708.2,11.11
Godomey,occupation_2025,4,Zones humides,1088.3,17.07
Godomey,occupation_2025,5,Eau libre,674.1,10.57
Godomey,occupation_2040,1,Bâti,4808.9,75.42
Godomey,occupation_2040,2,Sols nus,46.6,0.73
Godomey,occupation_2040,3,Végétation,164.7,2.58
Godomey,occupation_2040,4,Zones humides,686.5,10.77
Godomey,occupation_2040,5,Eau libre,669.1,10.49
Godomey,exposition_2025,0,Bâti en zones forte/très forte,713.0,35.03
Godomey,exposition_2040,0,Bâti en zones forte/très forte,1136.9,55.85
Hévié,susceptibilite_2025,1,Très faible,4361.3,80.04
Hévié,susceptibilite_2025,2,Faible,490.5,9.0
Hévié,susceptibilite_2025,3,Modérée,259.8,4.77
Hévié,susceptibilite_2025,4,Forte,139.9,2.57
Hévié,susceptibilite_2025,5,Très forte,197.3,3.62
Hévié,susceptibilite_2040,1,Très faible,4372.7,80.25
Hévié,susceptibilite_2040,2,Faible,480.2,8.81
Hévié,susceptibilite_2040,3,Modérée,259.4,4.76
Hévié,susceptibilite_2040,4,Forte,139.2,2.56
Hévié,susceptibilite_2040,5,Très forte,197.2,3.62
Hévié,occupation_2025,1,Bâti,2254.4,41.37
Hévié,occupation_2025,2,Sols nus,130.6,2.4
Hévié,occupation_2025,3,Végétation,2474.5,45.41
Hévié,occupation_2025,4,Zones humides,181.2,3.33
Hévié,occupation_2025,5,Eau libre,408.0,7.49
Hévié,occupation_2040,1,Bâti,2795.9,51.31
Hévié,occupation_2040,2,Sols nus,73.5,1.35
Hévié,occupation_2040,3,Végétation,2038.6,37.41
Hévié,occupation_2040,4,Zones humides,128.5,2.36
Hévié,occupation_2040,5,Eau libre,412.2,7.57
Hévié,exposition_2025,0,Bâti en zones forte/très forte,13.9,4.14
Hévié,exposition_2040,0,Bâti en zones forte/très forte,25.2,7.48
Kpanroun,susceptibilite_2025,1,Très faible,3234.8,63.2
Kpanroun,susceptibilite_2025,2,Faible,677.3,13.23
Kpanroun,susceptibilite_2025,3,Modérée,530.9,10.37
Kpanroun,susceptibilite_2025,4,Forte,419.1,8.19
Kpanroun,susceptibilite_2025,5,Très forte,256.1,5.0
Kpanroun,susceptibilite_2040,1,Très faible,3241.1,63.33
Kpanroun,susceptibilite_2040,2,Faible,672.0,13.13
Kpanroun,susceptibilite_2040,3,Modérée,530.0,10.36
Kpanroun,susceptibilite_2040,4,Forte,418.8,8.18
Kpanroun,susceptibilite_2040,5,Très forte,256.1,5.0
Kpanroun,occupation_2025,1,Bâti,657.1,12.84
Kpanroun,occupation_2025,2,Sols nus,45.1,0.88
Kpanroun,occupation_2025,3,Végétation,3627.8,70.88
Kpanroun,occupation_2025,4,Zones humides,713.7,13.95
Kpanroun,occupation_2025,5,Eau libre,74.4,1.45
Kpanroun,occupation_2040,1,Bâti,680.4,13.29
Kpanroun,occupation_2040,2,Sols nus,35.7,0.7
Kpanroun,occupation_2040,3,Végétation,3696.4,72.22
Kpanroun,occupation_2040,4,Zones humides,640.5,12.51
Kpanroun,occupation_2040,5,Eau libre,65.0,1.27
Kpanroun,exposition_2025,0,Bâti en zones forte/très forte,69.3,10.26
Kpanroun,exposition_2040,0,Bâti en zones forte/très forte,71.4,10.57
Ouèdo,susceptibilite_2025,1,Très faible,2640.8,87.43
Ouèdo,susceptibilite_2025,2,Faible,135.4,4.48
Ouèdo,susceptibilite_2025,3,Modérée,82.5,2.73
Ouèdo,susceptibilite_2025,4,Forte,71.5,2.37
Ouèdo,susceptibilite_2025,5,Très forte,90.1,2.98
Ouèdo,susceptibilite_2040,1,Très faible,2651.1,87.78
Ouèdo,susceptibilite_2040,2,Faible,125.7,4.16
Ouèdo,susceptibilite_2040,3,Modérée,82.4,2.73
Ouèdo,susceptibilite_2040,4,Forte,71.4,2.36
Ouèdo,susceptibilite_2040,5,Très forte,89.8,2.97
Ouèdo,occupation_2025,1,Bâti,1097.7,36.34
Ouèdo,occupation_2025,2,Sols nus,264.4,8.76
Ouèdo,occupation_2025,3,Végétation,1411.1,46.72
Ouèdo,occupation_2025,4,Zones humides,63.7,2.11
Ouèdo,occupation_2025,5,Eau libre,183.4,6.07
Ouèdo,occupation_2040,1,Bâti,1870.6,61.93
Ouèdo,occupation_2040,2,Sols nus,102.8,3.4
Ouèdo,occupation_2040,3,Végétation,825.4,27.33
Ouèdo,occupation_2040,4,Zones humides,36.1,1.2
Ouèdo,occupation_2040,5,Eau libre,185.5,6.14
Ouèdo,exposition_2025,0,Bâti en zones forte/très forte,2.2,1.39
Ouèdo,exposition_2040,0,Bâti en zones forte/très forte,11.3,6.96
Togba,susceptibilite_2025,1,Très faible,3825.1,86.8
Togba,susceptibilite_2025,2,Faible,220.7,5.01
Togba,susceptibilite_2025,3,Modérée,110.1,2.5
Togba,susceptibilite_2025,4,Forte,117.9,2.68
Togba,susceptibilite_2025,5,Très forte,132.8,3.01
Togba,susceptibilite_2040,1,Très faible,3838.9,87.12
Togba,susceptibilite_2040,2,Faible,208.6,4.73
Togba,susceptibilite_2040,3,Modérée,109.8,2.49
Togba,susceptibilite_2040,4,Forte,117.2,2.66
Togba,susceptibilite_2040,5,Très forte,132.0,3.0
Togba,occupation_2025,1,Bâti,2284.7,51.85
Togba,occupation_2025,2,Sols nus,292.2,6.63
Togba,occupation_2025,3,Végétation,1528.2,34.68
Togba,occupation_2025,4,Zones humides,99.1,2.25
Togba,occupation_2025,5,Eau libre,202.5,4.6
Togba,occupation_2040,1,Bâti,3721.3,84.45
Togba,occupation_2040,2,Sols nus,6.1,0.14
Togba,occupation_2040,3,Végétation,422.0,9.58
Togba,occupation_2040,4,Zones humides,50.6,1.15
Togba,occupation_2040,5,Eau libre,206.6,4.69
Togba,exposition_2025,0,Bâti en zones forte/très forte,10.9,4.33
Togba,exposition_2040,0,Bâti en zones forte/très forte,42.4,16.9
Zinvié,susceptibilite_2025,1,Très faible,2621.1,51.93
Zinvié,susceptibilite_2025,2,Faible,705.6,13.98
Zinvié,susceptibilite_2025,3,Modérée,703.1,13.93
Zinvié,susceptibilite_2025,4,Forte,544.3,10.78
Zinvié,susceptibilite_2025,5,Très forte,473.5,9.38
Zinvié,susceptibilite_2040,1,Très faible,2630.1,52.11
Zinvié,susceptibilite_2040,2,Faible,697.9,13.83
Zinvié,susceptibilite_2040,3,Modérée,702.1,13.91
Zinvié,susceptibilite_2040,4,Forte,544.2,10.78
Zinvié,susceptibilite_2040,5,Très forte,473.3,9.38
Zinvié,occupation_2025,1,Bâti,1043.6,20.68
Zinvié,occupation_2025,2,Sols nus,82.2,1.63
Zinvié,occupation_2025,3,Végétation,3035.9,60.15
Zinvié,occupation_2025,4,Zones humides,819.1,16.23
Zinvié,occupation_2025,5,Eau libre,66.8,1.32
Zinvié,occupation_2040,1,Bâti,1409.2,27.92
Zinvié,occupation_2040,2,Sols nus,56.0,1.11
Zinvié,occupation_2040,3,Végétation,2747.7,54.44
Zinvié,occupation_2040,4,Zones humides,775.9,15.37
Zinvié,occupation_2040,5,Eau libre,58.8,1.16
Zinvié,exposition_2025,0,Bâti en zones forte/très forte,90.6,8.9
Zinvié,exposition_2040,0,Bâti en zones forte/très forte,91.2,8.96
